<?xml version="1.0" encoding="UTF-8"?>
<project-private xmlns="http://www.netbeans.org/ns/project-private/1">
    <editor-bookmarks xmlns="http://www.netbeans.org/ns/editor-bookmarks/2" lastBookmarkId="0"/>
    <open-files xmlns="http://www.netbeans.org/ns/projectui-open-files/2">
        <group>
            <file>file:/C:/Users/ronal/Documents/Servidor_ProyectoRedes/src/domain/Fichero.java</file>
            <file>file:/C:/Users/ronal/Documents/Servidor_ProyectoRedes/src/servidor_proyectoredes/GestionDeCliente.java</file>
            <file>file:/C:/Users/ronal/Documents/Servidor_ProyectoRedes/src/domain/MiRepositorio.java</file>
            <file>file:/C:/Users/ronal/Documents/Servidor_ProyectoRedes/src/Data/Conexion.java</file>
            <file>file:/C:/Users/ronal/Documents/Servidor_ProyectoRedes/src/domain/Utilidades.java</file>
        </group>
    </open-files>
</project-private>
