<?xml version="1.0" encoding="UTF-8"?>
<project-private xmlns="http://www.netbeans.org/ns/project-private/1">
    <editor-bookmarks xmlns="http://www.netbeans.org/ns/editor-bookmarks/2" lastBookmarkId="0"/>
    <open-files xmlns="http://www.netbeans.org/ns/projectui-open-files/2">
        <group>
            <file>file:/C:/Users/ronal/Documents/cliente_proyectoRedes/src/domain/Fichero.java</file>
            <file>file:/C:/Users/ronal/Documents/cliente_proyectoRedes/src/GUI/window2Client.java</file>
            <file>file:/C:/Users/ronal/Documents/cliente_proyectoRedes/src/cliente_proyectoredes/myClient.java</file>
            <file>file:/C:/Users/ronal/Documents/cliente_proyectoRedes/src/GUI/window1Client.java</file>
            <file>file:/C:/Users/ronal/Documents/cliente_proyectoRedes/src/domain/Utilidades.java</file>
            <file>file:/C:/Users/ronal/Documents/cliente_proyectoRedes/src/domain/MiRepositorio.java</file>
        </group>
    </open-files>
</project-private>
